{
  "type": "FeatureCollection",
  "metadata": {
    "title": "Batas Wilayah Kerja Puskesmas Malimpung",
    "authority": "Badan Informasi Geospasial (BIG)",
    "source_doc": "TASWIL1000020230928_DATA_BATAS_DESAKELURAHAN.xml",
    "crs": "EPSG:4326",
    "scale": "1:10.000",
    "fasyankes_induk": {
      "nama": "Puskesmas Malimpung",
      "lat": -3.729869,
      "lng": 119.73413,
      "maps_url": "https://maps.app.goo.gl/YYYWShsgAxZoG2vW8"
    }
  },
  "features": [
    {
      "type": "Feature",
      "id": 85921,
      "geometry": {
        "type": "Polygon",
        "coordinates": [
          [
            [
              119.80266666700004,
              -3.7333055549999585,
              0
            ],
            [
              119.80241342900001,
              -3.7329450789999328,
              0
            ],
            [
              119.80203303000008,
              -3.7324035939999476,
              0
            ],
            [
              119.8019763750001,
              -3.7323229469999433,
              0
            ],
            [
              119.80174188300009,
              -3.7319891559999405,
              0
            ],
            [
              119.80113328400012,
              -3.7315330939999285,
              0
            ],
            [
              119.80008286100008,
              -3.7307459439999775,
              0
            ],
            [
              119.79999325500012,
              -3.730632666999952,
              0
            ],
            [
              119.79992744800006,
              -3.730519312999945,
              0
            ],
            [
              119.79991168400011,
              -3.7304832049999277,
              0
            ],
            [
              119.79986751500007,
              -3.7303820329999553,
              0
            ],
            [
              119.79978368800005,
              -3.7302149429999645,
              0
            ],
            [
              119.79964761500003,
              -3.7300258709999525,
              0
            ],
            [
              119.79942553000001,
              -3.729845510999951,
              0
            ],
            [
              119.79898454800002,
              -3.729625768999938,
              0
            ],
            [
              119.79853754100009,
              -3.7293821379999486,
              0
            ],
            [
              119.7983523050001,
              -3.7291316929999425,
              0
            ],
            [
              119.798262453,
              -3.7289407139999753,
              0
            ],
            [
              119.79817883500004,
              -3.728839371999925,
              0
            ],
            [
              119.79799414700005,
              -3.72876225899995,
              0
            ],
            [
              119.79773811900009,
              -3.728703305999943,
              0
            ],
            [
              119.79741824100006,
              -3.7285853839999277,
              0
            ],
            [
              119.79667480500007,
              -3.7283008579999546,
              0
            ],
            [
              119.79618533200005,
              -3.7281376489999616,
              0
            ],
            [
              119.795197271,
              -3.7276743929999725,
              0
            ],
            [
              119.79396114600002,
              -3.7267479019999428,
              0
            ],
            [
              119.79325133300006,
              -3.7261823409999693,
              0
            ],
            [
              119.79305804700005,
              -3.7261458789999438,
              0
            ],
            [
              119.7928440820001,
              -3.726218284999959,
              0
            ],
            [
              119.79185145000008,
              -3.726766700999974,
              0
            ],
            [
              119.79128104200004,
              -3.7270123819999412,
              0
            ],
            [
              119.790608958,
              -3.7267132759999413,
              0
            ],
            [
              119.78943953300006,
              -3.725822040999958,
              0
            ],
            [
              119.78933987100004,
              -3.725789822999957,
              0
            ],
            [
              119.78925507100007,
              -3.7258166509999455,
              0
            ],
            [
              119.78882587300006,
              -3.7261443059999806,
              0
            ],
            [
              119.78613161900012,
              -3.725775535999958,
              0
            ],
            [
              119.78589635500009,
              -3.725743333999958,
              0
            ],
            [
              119.7855783660001,
              -3.7257850429999735,
              0
            ],
            [
              119.7839121940001,
              -3.7264540649999276,
              0
            ],
            [
              119.78365779800004,
              -3.7265562129999807,
              0
            ],
            [
              119.783381727,
              -3.7265570899999716,
              0
            ],
            [
              119.78305790700006,
              -3.726510300999962,
              0
            ],
            [
              119.78239787900009,
              -3.7259823129999745,
              0
            ],
            [
              119.78175995200002,
              -3.7254720059999613,
              0
            ],
            [
              119.78162755000005,
              -3.725295821999964,
              0
            ],
            [
              119.78138712100008,
              -3.7249758899999392,
              0
            ],
            [
              119.78089765200002,
              -3.7237150689999794,
              0
            ],
            [
              119.78078059300003,
              -3.72281647799997,
              0
            ],
            [
              119.78057773800003,
              -3.721879903999934,
              0
            ],
            [
              119.78037566500007,
              -3.7211919759999432,
              0
            ],
            [
              119.78009845500003,
              -3.720829442999957,
              0
            ],
            [
              119.7800128990001,
              -3.720740983999974,
              0
            ],
            [
              119.77983103400004,
              -3.7205529499999557,
              0
            ],
            [
              119.77956388400003,
              -3.7203625269999634,
              0
            ],
            [
              119.77940291700008,
              -3.7203055439999275,
              0
            ],
            [
              119.77900159500007,
              -3.7201634739999463,
              0
            ],
            [
              119.77861068900006,
              -3.7199734419999686,
              0
            ],
            [
              119.77814287700005,
              -3.7195445659999677,
              0
            ],
            [
              119.77791728300008,
              -3.719382176999943,
              0
            ],
            [
              119.77756085900012,
              -3.7191256139999496,
              0
            ],
            [
              119.77707451800006,
              -3.7188593749999654,
              0
            ],
            [
              119.77667385300003,
              -3.718592863999959,
              0
            ],
            [
              119.77657200700003,
              -3.7185217219999345,
              0
            ],
            [
              119.77649258200006,
              -3.7184662419999768,
              0
            ],
            [
              119.77591616300003,
              -3.7183150479999654,
              0
            ],
            [
              119.77554488100009,
              -3.718311438999933,
              0
            ],
            [
              119.77526412600002,
              -3.718336233999935,
              0
            ],
            [
              119.7750882360001,
              -3.718408515999954,
              0
            ],
            [
              119.77464194900006,
              -3.7187733379999486,
              0
            ],
            [
              119.77422860500008,
              -3.719018511999934,
              0
            ],
            [
              119.7739006700001,
              -3.7191773449999346,
              0
            ],
            [
              119.77334045900011,
              -3.71964294299994,
              0
            ],
            [
              119.77333692600007,
              -3.719646513999976,
              0
            ],
            [
              119.7731554080001,
              -3.719830014999957,
              0
            ],
            [
              119.77299393200008,
              -3.719945286999973,
              0
            ],
            [
              119.77286568500006,
              -3.7200317629999518,
              0
            ],
            [
              119.77273258900004,
              -3.720089563999977,
              0
            ],
            [
              119.77230438200002,
              -3.72014829699998,
              0
            ],
            [
              119.77190949300007,
              -3.7202069239999673,
              0
            ],
            [
              119.7718160820001,
              -3.7202178179999805,
              0
            ],
            [
              119.77161448600009,
              -3.720241327999929,
              0
            ],
            [
              119.77146768000011,
              -3.7202571589999707,
              0
            ],
            [
              119.771157689,
              -3.7202905869999654,
              0
            ],
            [
              119.77076738000005,
              -3.7202918179999642,
              0
            ],
            [
              119.76979890200005,
              -3.7201425529999597,
              0
            ],
            [
              119.76780517400005,
              -3.719799071999944,
              0
            ],
            [
              119.76734039400003,
              -3.7197027999999364,
              0
            ],
            [
              119.76710025000011,
              -3.719653057999949,
              0
            ],
            [
              119.76647599000012,
              -3.7194254989999536,
              0
            ],
            [
              119.76576815600004,
              -3.719109739999965,
              0
            ],
            [
              119.76545959000009,
              -3.719004975999951,
              0
            ],
            [
              119.7651820640001,
              -3.7189107499999636,
              0
            ],
            [
              119.76501061900001,
              -3.718882598999926,
              0
            ],
            [
              119.76476291200004,
              -3.7188212149999345,
              0
            ],
            [
              119.76442834400007,
              -3.7186265619999403,
              0
            ],
            [
              119.76424184000007,
              -3.7186026409999613,
              0
            ],
            [
              119.76277720200005,
              -3.7184774969999808,
              0
            ],
            [
              119.76218879600003,
              -3.71843742599998,
              0
            ],
            [
              119.76078559300004,
              -3.718341867999925,
              0
            ],
            [
              119.76076417700006,
              -3.718798723999953,
              0
            ],
            [
              119.76050600600001,
              -3.7208260259999406,
              0
            ],
            [
              119.76084508000008,
              -3.7208260259999406,
              0
            ],
            [
              119.7609283600001,
              -3.721456582999963,
              0
            ],
            [
              119.76033349500005,
              -3.7215339149999522,
              0
            ],
            [
              119.76028091400008,
              -3.7225855369999294,
              0
            ],
            [
              119.76027995700008,
              -3.7226046719999317,
              0
            ],
            [
              119.76013124100007,
              -3.72292589999995,
              0
            ],
            [
              119.76001226800008,
              -3.7232054859999266,
              0
            ],
            [
              119.75989924400005,
              -3.7233482539999727,
              0
            ],
            [
              119.7597088870001,
              -3.7235148159999767,
              0
            ],
            [
              119.75960181100004,
              -3.7236516349999533,
              0
            ],
            [
              119.75954827300006,
              -3.7245439339999393,
              0
            ],
            [
              119.75948283800005,
              -3.724924646999966,
              0
            ],
            [
              119.75928653200003,
              -3.7256146909999757,
              0
            ],
            [
              119.75904858700005,
              -3.7261798129999306,
              0
            ],
            [
              119.75833474800004,
              -3.7276312839999264,
              0
            ],
            [
              119.75753168000006,
              -3.7292552659999387,
              0
            ],
            [
              119.75651446000006,
              -3.7313789349999524,
              0
            ],
            [
              119.75503681500004,
              -3.730805246999978,
              0
            ],
            [
              119.75273111700005,
              -3.7299367439999287,
              0
            ],
            [
              119.75028503100009,
              -3.728932610999948,
              0
            ],
            [
              119.74863368600006,
              -3.7282235319999586,
              0
            ],
            [
              119.74790557000006,
              -3.7279570329999387,
              0
            ],
            [
              119.74710131300003,
              -3.727714326999944,
              0
            ],
            [
              119.74596107500008,
              -3.7274273639999365,
              0
            ],
            [
              119.74483796900006,
              -3.7295070129999317,
              0
            ],
            [
              119.74466644500001,
              -3.729809176999936,
              0
            ],
            [
              119.74356019900006,
              -3.731757982999966,
              0
            ],
            [
              119.742682177,
              -3.733235628999978,
              0
            ],
            [
              119.74218249100011,
              -3.7342350019999344,
              0
            ],
            [
              119.74136157700002,
              -3.7361123969999426,
              0
            ],
            [
              119.7413267170001,
              -3.736196469999925,
              0
            ],
            [
              119.73970605800002,
              -3.7352406829999723,
              0
            ],
            [
              119.73789800600002,
              -3.7339721269999586,
              0
            ],
            [
              119.73749453700009,
              -3.735003014999961,
              0
            ],
            [
              119.73641258200007,
              -3.7380961539999475,
              0
            ],
            [
              119.73536414600005,
              -3.7411455519999777,
              0
            ],
            [
              119.73382344400011,
              -3.7393252639999446,
              0
            ],
            [
              119.73347842300007,
              -3.7389742929999557,
              0
            ],
            [
              119.73309770800006,
              -3.7387244499999497,
              0
            ],
            [
              119.73281812200003,
              -3.73851624699995,
              0
            ],
            [
              119.7323898190001,
              -3.738147430999959,
              0
            ],
            [
              119.7321221300001,
              -3.7389802419999683,
              0
            ],
            [
              119.73153321400002,
              -3.7408005299999445,
              0
            ],
            [
              119.73081937500001,
              -3.7427873799999247,
              0
            ],
            [
              119.7303553800001,
              -3.7424423579999484,
              0
            ],
            [
              119.7290883170001,
              -3.7439592639999546,
              0
            ],
            [
              119.72871355200004,
              -3.743655882999974,
              0
            ],
            [
              119.72814248100008,
              -3.743251374999943,
              0
            ],
            [
              119.72757735900007,
              -3.742805224999927,
              0
            ],
            [
              119.72693490500001,
              -3.7423590769999464,
              0
            ],
            [
              119.72632219400009,
              -3.743102657999941,
              0
            ],
            [
              119.726018812,
              -3.7439057269999694,
              0
            ],
            [
              119.72585225000012,
              -3.7441436729999396,
              0
            ],
            [
              119.72510272000011,
              -3.745000278999953,
              0
            ],
            [
              119.72381781100012,
              -3.746410108999953,
              0
            ],
            [
              119.72365719800007,
              -3.746314929999926,
              0
            ],
            [
              119.72301474300002,
              -3.7469871289999332,
              0
            ],
            [
              119.72231280200003,
              -3.747754504999932,
              0
            ],
            [
              119.72187260200008,
              -3.74815306499994,
              0
            ],
            [
              119.72127773600005,
              -3.7488847489999557,
              0
            ],
            [
              119.72112307200007,
              -3.7489442349999536,
              0
            ],
            [
              119.720183184,
              -3.7499793009999394,
              0
            ],
            [
              119.71869602100003,
              -3.75158543699996,
              0
            ],
            [
              119.71821422900007,
              -3.7520370059999664,
              0
            ],
            [
              119.71831402300006,
              -3.752145625999958,
              0
            ],
            [
              119.71904484800007,
              -3.752953887999979,
              0
            ],
            [
              119.71925587100009,
              -3.7531802789999347,
              0
            ],
            [
              119.71926403400005,
              -3.753177166999933,
              0
            ],
            [
              119.72000171700006,
              -3.7539804439999784,
              0
            ],
            [
              119.72007057400003,
              -3.7540554239999437,
              0
            ],
            [
              119.72011552000004,
              -3.754104366999968,
              0
            ],
            [
              119.72019941200006,
              -3.7541957179999486,
              0
            ],
            [
              119.72164449400009,
              -3.7557692849999285,
              0
            ],
            [
              119.72256077300005,
              -3.7568038909999473,
              0
            ],
            [
              119.72263493300011,
              -3.756887626999969,
              0
            ],
            [
              119.723113452,
              -3.7574279389999674,
              0
            ],
            [
              119.72335474800002,
              -3.7576900279999563,
              0
            ],
            [
              119.72352330400008,
              -3.7578520889999254,
              0
            ],
            [
              119.72371111700011,
              -3.758020535999947,
              0
            ],
            [
              119.72394472100007,
              -3.758149856999978,
              0
            ],
            [
              119.72395147000009,
              -3.7581520249999585,
              0
            ],
            [
              119.72402723100004,
              -3.758176369999944,
              0
            ],
            [
              119.7242000120001,
              -3.75823189099998,
              0
            ],
            [
              119.7243676280001,
              -3.7582650829999693,
              0
            ],
            [
              119.72473365200005,
              -3.7583375619999515,
              0
            ],
            [
              119.72532783500003,
              -3.758409032999964,
              0
            ],
            [
              119.72554664600011,
              -3.7584353519999354,
              0
            ],
            [
              119.72601954400011,
              -3.7584922339999594,
              0
            ],
            [
              119.72819468700004,
              -3.7587795339999275,
              0
            ],
            [
              119.73247162400003,
              -3.759344427999963,
              0
            ],
            [
              119.73291394600005,
              -3.7594028489999687,
              0
            ],
            [
              119.73549522500002,
              -3.759743766999975,
              0
            ],
            [
              119.73580115200002,
              -3.7597841709999784,
              0
            ],
            [
              119.73651279,
              -3.7598555239999314,
              0
            ],
            [
              119.73690453400002,
              -3.75982559199997,
              0
            ],
            [
              119.73821392600007,
              -3.759441985999956,
              0
            ],
            [
              119.74099118000004,
              -3.758554733999972,
              0
            ],
            [
              119.74474829700011,
              -3.757390735999934,
              0
            ],
            [
              119.74498957600008,
              -3.757315983999945,
              0
            ],
            [
              119.74526777900007,
              -3.757229792999965,
              0
            ],
            [
              119.7455398410001,
              -3.7572158939999554,
              0
            ],
            [
              119.74578395000003,
              -3.757203421999975,
              0
            ],
            [
              119.74603261800007,
              -3.757265492999977,
              0
            ],
            [
              119.74624627600008,
              -3.7573188249999703,
              0
            ],
            [
              119.74678577800012,
              -3.7576008829999523,
              0
            ],
            [
              119.74817927100003,
              -3.7584291399999756,
              0
            ],
            [
              119.74931015400011,
              -3.759119590999944,
              0
            ],
            [
              119.74999999700003,
              -3.7595407679999653,
              0
            ],
            [
              119.75047355400011,
              -3.7598194229999535,
              0
            ],
            [
              119.75052325400009,
              -3.759848667999961,
              0
            ],
            [
              119.75056106700004,
              -3.7598709179999332,
              0
            ],
            [
              119.75131208500011,
              -3.7603259849999517,
              0
            ],
            [
              119.75268426000002,
              -3.7611244329999636,
              0
            ],
            [
              119.75336395800002,
              -3.761526172999936,
              0
            ],
            [
              119.75611643800005,
              -3.76315303399997,
              0
            ],
            [
              119.75839707300008,
              -3.7645123759999706,
              0
            ],
            [
              119.75856051500011,
              -3.764616761999946,
              0
            ],
            [
              119.75866415700011,
              -3.7646898089999468,
              0
            ],
            [
              119.75923120900006,
              -3.7650894679999283,
              0
            ],
            [
              119.7594177850001,
              -3.764954556999953,
              0
            ],
            [
              119.75960435200011,
              -3.764819645999978,
              0
            ],
            [
              119.75979092800003,
              -3.764684734999946,
              0
            ],
            [
              119.75993972700007,
              -3.764576935999969,
              0
            ],
            [
              119.76008852600012,
              -3.7644691279999734,
              0
            ],
            [
              119.76023733300008,
              -3.7643613189999314,
              0
            ],
            [
              119.76038613200001,
              -3.7642535109999358,
              0
            ],
            [
              119.76053493100005,
              -3.76414570299994,
              0
            ],
            [
              119.76072143900001,
              -3.764009319999957,
              0
            ],
            [
              119.76090794700008,
              -3.763872926999966,
              0
            ],
            [
              119.76106766600003,
              -3.76376227399993,
              0
            ],
            [
              119.76122739400012,
              -3.7636516209999513,
              0
            ],
            [
              119.76127129000008,
              -3.7636212099999398,
              0
            ],
            [
              119.76138711300007,
              -3.7635409679999725,
              0
            ],
            [
              119.76153442200007,
              -3.7634259899999734,
              0
            ],
            [
              119.76168173200006,
              -3.763311010999928,
              0
            ],
            [
              119.76184043300009,
              -3.7631114159999584,
              0
            ],
            [
              119.761999134,
              -3.7629118199999425,
              0
            ],
            [
              119.76213448100009,
              -3.762700587999973,
              0
            ],
            [
              119.76226982900005,
              -3.762489354999957,
              0
            ],
            [
              119.76228884700004,
              -3.762449293999964,
              0
            ],
            [
              119.76236634000009,
              -3.762286053999958,
              0
            ],
            [
              119.76246285200011,
              -3.7620827529999588,
              0
            ],
            [
              119.76252187600005,
              -3.7619042949999653,
              0
            ],
            [
              119.7625809000001,
              -3.7617258359999255,
              0
            ],
            [
              119.76263303600001,
              -3.7615082179999604,
              0
            ],
            [
              119.76268517300002,
              -3.761290598999949,
              0
            ],
            [
              119.7627313910001,
              -3.7610562279999726,
              0
            ],
            [
              119.76278874900004,
              -3.7607600119999347,
              0
            ],
            [
              119.76288373300008,
              -3.760585667999976,
              0
            ],
            [
              119.76296927800001,
              -3.7604991889999724,
              0
            ],
            [
              119.76309376500001,
              -3.760438610999927,
              0
            ],
            [
              119.76327827000011,
              -3.7604119989999276,
              0
            ],
            [
              119.76351460400008,
              -3.7603901029999633,
              0
            ],
            [
              119.7638028340001,
              -3.7603940659999466,
              0
            ],
            [
              119.76398490500003,
              -3.760365834999959,
              0
            ],
            [
              119.76416697600007,
              -3.7603376039999716,
              0
            ],
            [
              119.76425837700003,
              -3.760299482999926,
              0
            ],
            [
              119.76433596100003,
              -3.7602671249999275,
              0
            ],
            [
              119.76450494400001,
              -3.7601966459999403,
              0
            ],
            [
              119.76475376000008,
              -3.7600250659999688,
              0
            ],
            [
              119.76493720500002,
              -3.7598680079999554,
              0
            ],
            [
              119.76511334100007,
              -3.759743205999939,
              0
            ],
            [
              119.76508058000002,
              -3.7595810879999476,
              0
            ],
            [
              119.76505187800001,
              -3.7594735289999335,
              0
            ],
            [
              119.76498343600008,
              -3.759363700999927,
              0
            ],
            [
              119.7648811250001,
              -3.759268059999954,
              0
            ],
            [
              119.7648387910001,
              -3.7591933729999596,
              0
            ],
            [
              119.76482873600003,
              -3.7591409709999652,
              0
            ],
            [
              119.76480915900004,
              -3.7590389449999293,
              0
            ],
            [
              119.76481021900008,
              -3.7588616469999465,
              0
            ],
            [
              119.76482438100004,
              -3.7587314779999588,
              0
            ],
            [
              119.76488228700009,
              -3.758609301999968,
              0
            ],
            [
              119.76497376500004,
              -3.7585044229999767,
              0
            ],
            [
              119.76514134000001,
              -3.7583333389999325,
              0
            ],
            [
              119.76518568300003,
              -3.7582880689999456,
              0
            ],
            [
              119.7652441350001,
              -3.7581335229999695,
              0
            ],
            [
              119.76527321100002,
              -3.7580086739999388,
              0
            ],
            [
              119.76527922600008,
              -3.757913500999962,
              0
            ],
            [
              119.76529576600001,
              -3.757818294999936,
              0
            ],
            [
              119.76534176700011,
              -3.7577208809999547,
              0
            ],
            [
              119.76543814700005,
              -3.757578900999931,
              0
            ],
            [
              119.76556788700009,
              -3.7573353189999352,
              0
            ],
            [
              119.76559009000005,
              -3.7572537729999453,
              0
            ],
            [
              119.76560534200007,
              -3.7571977559999254,
              0
            ],
            [
              119.76562380000007,
              -3.75704333799996,
              0
            ],
            [
              119.76562540600003,
              -3.756884743999933,
              0
            ],
            [
              119.76561845100002,
              -3.756681771999979,
              0
            ],
            [
              119.76562849000004,
              -3.756527379999966,
              0
            ],
            [
              119.7656973920001,
              -3.756349540999963,
              0
            ],
            [
              119.76581470200006,
              -3.7561694339999576,
              0
            ],
            [
              119.76598232300012,
              -3.7559236159999614,
              0
            ],
            [
              119.76614809900002,
              -3.7557602729999644,
              0
            ],
            [
              119.76632242800008,
              -3.755639189999954,
              0
            ],
            [
              119.76646423800003,
              -3.755564751999941,
              0
            ],
            [
              119.76660612600006,
              -3.7554902719999745,
              0
            ],
            [
              119.76672584700009,
              -3.7554074249999303,
              0
            ],
            [
              119.76678867400005,
              -3.7553057289999288,
              0
            ],
            [
              119.76680514200007,
              -3.7551872639999715,
              0
            ],
            [
              119.76680072400006,
              -3.755121727999949,
              0
            ],
            [
              119.76676254900008,
              -3.7550309249999714,
              0
            ],
            [
              119.76668635900012,
              -3.7549000669999373,
              0
            ],
            [
              119.76667933300007,
              -3.7548823339999444,
              0
            ],
            [
              119.76662694800007,
              -3.75475012499993,
              0
            ],
            [
              119.76662684400003,
              -3.7547170699999697,
              0
            ],
            [
              119.76662666800007,
              -3.754661315999954,
              0
            ],
            [
              119.76665786300009,
              -3.754540689999942,
              0
            ],
            [
              119.76679623400003,
              -3.7543647449999753,
              0
            ],
            [
              119.76695794700004,
              -3.7542479319999416,
              0
            ],
            [
              119.76711978700007,
              -3.754171294999935,
              0
            ],
            [
              119.76723750200006,
              -3.7541482629999336,
              0
            ],
            [
              119.76731752800004,
              -3.7541326049999384,
              0
            ],
            [
              119.76757846400005,
              -3.754108515999974,
              0
            ],
            [
              119.76777843100001,
              -3.7541078799999354,
              0
            ],
            [
              119.76787091400001,
              -3.7540652959999647,
              0
            ],
            [
              119.76791275900007,
              -3.7539848109999525,
              0
            ],
            [
              119.7679518870001,
              -3.7537097999999673,
              0
            ],
            [
              119.76795961100004,
              -3.7535765379999475,
              0
            ],
            [
              119.77098888600005,
              -3.7526500039999746,
              0
            ],
            [
              119.7712160850001,
              -3.752453283999955,
              0
            ],
            [
              119.77131160800002,
              -3.75216252499996,
              0
            ],
            [
              119.77133734400002,
              -3.751360070999965,
              0
            ],
            [
              119.77136734100009,
              -3.7504247629999554,
              0
            ],
            [
              119.77139538800009,
              -3.749550228999965,
              0
            ],
            [
              119.77143837500012,
              -3.7492581279999513,
              0
            ],
            [
              119.77151734900008,
              -3.748721502999956,
              0
            ],
            [
              119.77161285400007,
              -3.7480725469999356,
              0
            ],
            [
              119.7725225160001,
              -3.7459795779999467,
              0
            ],
            [
              119.77313000900006,
              -3.744918673999962,
              0
            ],
            [
              119.77536990200008,
              -3.741824342999962,
              0
            ],
            [
              119.77665557300008,
              -3.739646390999951,
              0
            ],
            [
              119.77796364900007,
              -3.7379316479999716,
              0
            ],
            [
              119.77801924300002,
              -3.737794292999979,
              0
            ],
            [
              119.77805673800003,
              -3.7378014599999574,
              0
            ],
            [
              119.77815003300009,
              -3.7378192919999265,
              0
            ],
            [
              119.7782437090001,
              -3.7378410209999515,
              0
            ],
            [
              119.77836268700003,
              -3.7378643629999715,
              0
            ],
            [
              119.7784197840001,
              -3.737877978999961,
              0
            ],
            [
              119.77845383200008,
              -3.7378860989999794,
              0
            ],
            [
              119.77854919700007,
              -3.737908668999978,
              0
            ],
            [
              119.77866901900006,
              -3.737932007999973,
              0
            ],
            [
              119.77877280000007,
              -3.7379494689999433,
              0
            ],
            [
              119.77885458100002,
              -3.7379611189999764,
              0
            ],
            [
              119.77888332200007,
              -3.7379652129999386,
              0
            ],
            [
              119.77898367400007,
              -3.7379648939999583,
              0
            ],
            [
              119.77909244500006,
              -3.7379603129999737,
              0
            ],
            [
              119.77920458400001,
              -3.7379540259999544,
              0
            ],
            [
              119.77934111700006,
              -3.737928176999958,
              0
            ],
            [
              119.77947339400009,
              -3.737889634999931,
              0
            ],
            [
              119.77957129300012,
              -3.7378475449999655,
              0
            ],
            [
              119.77958455900011,
              -3.7378418409999767,
              0
            ],
            [
              119.77967543200009,
              -3.7377771679999796,
              0
            ],
            [
              119.77974858700009,
              -3.737710009999944,
              0
            ],
            [
              119.77980397700003,
              -3.737625118999972,
              0
            ],
            [
              119.77989540600004,
              -3.7374689509999257,
              0
            ],
            [
              119.77995332000012,
              -3.737382357999934,
              0
            ],
            [
              119.78002991800008,
              -3.7373372159999576,
              0
            ],
            [
              119.78008214300007,
              -3.737318411999979,
              0
            ],
            [
              119.78013949000001,
              -3.7373137479999627,
              0
            ],
            [
              119.78015802100003,
              -3.737312240999927,
              0
            ],
            [
              119.7801660660001,
              -3.7373130699999706,
              0
            ],
            [
              119.7801965970001,
              -3.737316215999954,
              0
            ],
            [
              119.78024575200004,
              -3.737321280999936,
              0
            ],
            [
              119.78031158800002,
              -3.7373397089999685,
              0
            ],
            [
              119.78041036500008,
              -3.737374974999966,
              0
            ],
            [
              119.78058349900004,
              -3.737456596999948,
              0
            ],
            [
              119.7806663230001,
              -3.7375047279999762,
              0
            ],
            [
              119.78080822700008,
              -3.737587191999978,
              0
            ],
            [
              119.78086403500004,
              -3.737634454999977,
              0
            ],
            [
              119.78088902000002,
              -3.737665060999973,
              0
            ],
            [
              119.78090128400004,
              -3.7376800829999297,
              0
            ],
            [
              119.78092254600006,
              -3.7377376219999405,
              0
            ],
            [
              119.78093881000007,
              -3.737813813999935,
              0
            ],
            [
              119.78094873900011,
              -3.737865453999973,
              0
            ],
            [
              119.78095167000004,
              -3.73788069699998,
              0
            ],
            [
              119.78096025800005,
              -3.7379298049999647,
              0
            ],
            [
              119.78099167100004,
              -3.737996629999941,
              0
            ],
            [
              119.78102214700004,
              -3.7380338079999547,
              0
            ],
            [
              119.78109057600011,
              -3.738072557999942,
              0
            ],
            [
              119.78116823900007,
              -3.7380977269999676,
              0
            ],
            [
              119.78129562100003,
              -3.7381117229999745,
              0
            ],
            [
              119.78136899200001,
              -3.738113182999939,
              0
            ],
            [
              119.78146257900005,
              -3.7381069569999568,
              0
            ],
            [
              119.781525525,
              -3.7381032089999735,
              0
            ],
            [
              119.78155279500004,
              -3.73810158699996,
              0
            ],
            [
              119.78164209600004,
              -3.7380733449999752,
              0
            ],
            [
              119.78173806500001,
              -3.738020515999949,
              0
            ],
            [
              119.78180701400004,
              -3.737956760999964,
              0
            ],
            [
              119.78184055800011,
              -3.7379161469999644,
              0
            ],
            [
              119.78187506200004,
              -3.737874369999929,
              0
            ],
            [
              119.78198347800003,
              -3.7377571179999336,
              0
            ],
            [
              119.78204032200006,
              -3.737709615999961,
              0
            ],
            [
              119.78206590400009,
              -3.7376882379999756,
              0
            ],
            [
              119.78215097300006,
              -3.7376549279999267,
              0
            ],
            [
              119.78227912600005,
              -3.737646048999977,
              0
            ],
            [
              119.78239895000002,
              -3.737670234999939,
              0
            ],
            [
              119.78251544700004,
              -3.7377088329999424,
              0
            ],
            [
              119.78261591600005,
              -3.737745787999927,
              0
            ],
            [
              119.78277599700004,
              -3.7378004969999665,
              0
            ],
            [
              119.78277800300009,
              -3.737801182999931,
              0
            ],
            [
              119.78287508300002,
              -3.737833064999961,
              0
            ],
            [
              119.78292345900002,
              -3.7378462929999614,
              0
            ],
            [
              119.78298227500011,
              -3.7378623749999633,
              0
            ],
            [
              119.78307512200001,
              -3.73788918799994,
              0
            ],
            [
              119.78317330200002,
              -3.737918967999974,
              0
            ],
            [
              119.78321608800002,
              -3.737931944999957,
              0
            ],
            [
              119.78333766100002,
              -3.737975609999978,
              0
            ],
            [
              119.7834702780001,
              -3.7380454999999415,
              0
            ],
            [
              119.78357249600003,
              -3.7381019339999284,
              0
            ],
            [
              119.78367892900008,
              -3.7381583539999497,
              0
            ],
            [
              119.7837718510001,
              -3.738208886999928,
              0
            ],
            [
              119.78386308000006,
              -3.7382568849999416,
              0
            ],
            [
              119.78392657200004,
              -3.7382867639999517,
              0
            ],
            [
              119.78409195200004,
              -3.738364590999936,
              0
            ],
            [
              119.78421437200006,
              -3.7384090989999663,
              0
            ],
            [
              119.7843181940001,
              -3.738440113999957,
              0
            ],
            [
              119.78450096900008,
              -3.738471795999942,
              0
            ],
            [
              119.78454854100005,
              -3.7384800429999245,
              0
            ],
            [
              119.78464388300006,
              -3.7384958349999806,
              0
            ],
            [
              119.7847644740001,
              -3.73849544899997,
              0
            ],
            [
              119.78488253100011,
              -3.738494227999979,
              0
            ],
            [
              119.78498286600006,
              -3.7384888249999335,
              0
            ],
            [
              119.78508234300011,
              -3.7384783419999508,
              0
            ],
            [
              119.78520956400007,
              -3.7384415089999266,
              0
            ],
            [
              119.78530220300001,
              -3.7384022439999285,
              0
            ],
            [
              119.78539143100011,
              -3.738351130999945,
              0
            ],
            [
              119.78546440000002,
              -3.738288928999964,
              0
            ],
            [
              119.78547844200011,
              -3.7382791879999786,
              0
            ],
            [
              119.78549930800011,
              -3.7382674159999283,
              0
            ],
            [
              119.78675795900006,
              -3.737551603999975,
              0
            ],
            [
              119.78902320700001,
              -3.736766381999928,
              0
            ],
            [
              119.78959109700008,
              -3.7364427119999277,
              0
            ],
            [
              119.790732907,
              -3.735791934999952,
              0
            ],
            [
              119.79074413400008,
              -3.735784149999972,
              0
            ],
            [
              119.79074474800007,
              -3.735783804999926,
              0
            ],
            [
              119.79074748900007,
              -3.7357822659999442,
              0
            ],
            [
              119.79075978300011,
              -3.7357753609999804,
              0
            ],
            [
              119.79079527100009,
              -3.735755425999969,
              0
            ],
            [
              119.7907988400001,
              -3.7357534219999593,
              0
            ],
            [
              119.790827422,
              -3.7357373659999666,
              0
            ],
            [
              119.79083949700009,
              -3.735730582999963,
              0
            ],
            [
              119.79087113900005,
              -3.735712808999949,
              0
            ],
            [
              119.79088558100011,
              -3.73570469699996,
              0
            ],
            [
              119.79091249400005,
              -3.735689579999928,
              0
            ],
            [
              119.79102959500005,
              -3.735652778999963,
              0
            ],
            [
              119.79113913900005,
              -3.735626168999943,
              0
            ],
            [
              119.79125634900004,
              -3.7356240999999386,
              0
            ],
            [
              119.79138117600007,
              -3.7356304789999513,
              0
            ],
            [
              119.79150350600003,
              -3.735647030999928,
              0
            ],
            [
              119.79162840000004,
              -3.735674587999938,
              0
            ],
            [
              119.7917482260001,
              -3.7356996199999344,
              0
            ],
            [
              119.79185953900003,
              -3.735699264999937,
              0
            ],
            [
              119.79196069800003,
              -3.7356879299999264,
              0
            ],
            [
              119.79210479100004,
              -3.7356535839999765,
              0
            ],
            [
              119.79218982900011,
              -3.73561095499997,
              0
            ],
            [
              119.79228154200007,
              -3.735546278999948,
              0
            ],
            [
              119.79228962700006,
              -3.7355403889999366,
              0
            ],
            [
              119.79238082200004,
              -3.7354739539999287,
              0
            ],
            [
              119.79250028400008,
              -3.735383775999935,
              0
            ],
            [
              119.79259887,
              -3.7353588949999335,
              0
            ],
            [
              119.79271354500008,
              -3.7353551399999674,
              0
            ],
            [
              119.79280462000008,
              -3.7353548489999753,
              0
            ],
            [
              119.79289405300005,
              -3.7353689639999743,
              0
            ],
            [
              119.79306536900003,
              -3.7354099279999673,
              0
            ],
            [
              119.79319958400004,
              -3.7354510089999735,
              0
            ],
            [
              119.79333212900008,
              -3.7354988729999263,
              0
            ],
            [
              119.79354913300006,
              -3.735587129999942,
              0
            ],
            [
              119.79369351200012,
              -3.735642579999933,
              0
            ],
            [
              119.79385221200005,
              -3.735693749999939,
              0
            ],
            [
              119.79398893000007,
              -3.7357271979999496,
              0
            ],
            [
              119.79408341800001,
              -3.7357396029999563,
              0
            ],
            [
              119.79425382800002,
              -3.735760237999955,
              0
            ],
            [
              119.79439887700005,
              -3.7357614689999536,
              0
            ],
            [
              119.79444624000007,
              -3.735759001999952,
              0
            ],
            [
              119.79455485900007,
              -3.7357533459999672,
              0
            ],
            [
              119.79464505500005,
              -3.735742044999938,
              0
            ],
            [
              119.79479001300001,
              -3.7357144739999626,
              0
            ],
            [
              119.79493073600008,
              -3.735680984999931,
              0
            ],
            [
              119.79513379200012,
              -3.735625271999936,
              0
            ],
            [
              119.79524339400007,
              -3.7356172979999656,
              0
            ],
            [
              119.79535387200008,
              -3.735619485999962,
              0
            ],
            [
              119.79548464900006,
              -3.735641093999959,
              0
            ],
            [
              119.79561381000008,
              -3.7356847319999247,
              0
            ],
            [
              119.79570500200009,
              -3.735721714999954,
              0
            ],
            [
              119.79574698700003,
              -3.7357091839999725,
              0
            ],
            [
              119.79591731000005,
              -3.7356583479999586,
              0
            ],
            [
              119.79606721800008,
              -3.7355960269999287,
              0
            ],
            [
              119.79618427200012,
              -3.735544822999941,
              0
            ],
            [
              119.79632066300007,
              -3.7354749219999803,
              0
            ],
            [
              119.79651935600009,
              -3.7353734779999286,
              0
            ],
            [
              119.79660858500006,
              -3.7353232109999794,
              0
            ],
            [
              119.79670453900007,
              -3.735266145999958,
              0
            ],
            [
              119.79682914300008,
              -3.7352022119999333,
              0
            ],
            [
              119.79692010200006,
              -3.7351654939999435,
              0
            ],
            [
              119.79700934700008,
              -3.735120310999946,
              0
            ],
            [
              119.79709943500006,
              -3.735075123999934,
              0
            ],
            [
              119.7972325390001,
              -3.7350077349999538,
              0
            ],
            [
              119.79728129400007,
              -3.7349830519999614,
              0
            ],
            [
              119.79736887000001,
              -3.734943803999954,
              0
            ],
            [
              119.7975297800001,
              -3.73489415399996,
              0
            ],
            [
              119.79762500600009,
              -3.7348735189999616,
              0
            ],
            [
              119.79775568700006,
              -3.734864628999958,
              0
            ],
            [
              119.79786448100003,
              -3.7348676699999714,
              0
            ],
            [
              119.79870461200005,
              -3.7346983109999314,
              0
            ],
            [
              119.79909470300004,
              -3.7346196729999406,
              0
            ],
            [
              119.79972673200007,
              -3.734211668999933,
              0
            ],
            [
              119.80050410700005,
              -3.733851541999968,
              0
            ],
            [
              119.80135014700011,
              -3.7336062239999706,
              0
            ],
            [
              119.80168351400005,
              -3.733509559999959,
              0
            ],
            [
              119.80194921100008,
              -3.733454427999959,
              0
            ],
            [
              119.80254536400003,
              -3.733330725999963,
              0
            ],
            [
              119.80266666700004,
              -3.7333055549999585,
              0
            ]
          ]
        ]
      },
      "properties": {
        "NAMOBJ": "Padang Loang",
        "TIPE": "Desa",
        "KODE_KEMENDAGRI": "73.15.05.2009",
        "KECAMATAN": "Patampanua",
        "KABUPATEN": "Pinrang",
        "PROVINSI": "Sulawesi Selatan",
        "LUAS_HA": 21.729933070224494,
        "SUMBER": "Badan Informasi Geospasial (BIG) - TASWIL10000 Edisi 2023",
        "METADATA_REF": "TASWIL1000020230928_DATA_BATAS_DESAKELURAHAN.xml",
        "STATUS_WILAYAH": "Wilayah Kerja Resmi Puskesmas Malimpung"
      }
    },
    {
      "type": "Feature",
      "id": 87016,
      "geometry": {
        "type": "Polygon",
        "coordinates": [
          [
            [
              119.76442834400007,
              -3.7186265619999403,
              0
            ],
            [
              119.76441957400004,
              -3.7186214599999516,
              0
            ],
            [
              119.76385662700011,
              -3.7182119979999584,
              0
            ],
            [
              119.76368009400005,
              -3.7180786629999716,
              0
            ],
            [
              119.76232911600005,
              -3.716820517999963,
              0
            ],
            [
              119.76189406100002,
              -3.7162098149999565,
              0
            ],
            [
              119.761683704,
              -3.7159140039999556,
              0
            ],
            [
              119.76156227900003,
              -3.715792753999949,
              0
            ],
            [
              119.76095349400009,
              -3.715289881999979,
              0
            ],
            [
              119.760809601,
              -3.7150917029999277,
              0
            ],
            [
              119.76071447400011,
              -3.7149606879999624,
              0
            ],
            [
              119.7602698280001,
              -3.714326104999941,
              0
            ],
            [
              119.75948529700008,
              -3.713246607999963,
              0
            ],
            [
              119.75946194700009,
              -3.71321447899993,
              0
            ],
            [
              119.75939505600002,
              -3.713133397999968,
              0
            ],
            [
              119.75917558200001,
              -3.7129667229999654,
              0
            ],
            [
              119.75899811400006,
              -3.7128314579999255,
              0
            ],
            [
              119.75891316500008,
              -3.7127667099999258,
              0
            ],
            [
              119.75888393100001,
              -3.7127004869999496,
              0
            ],
            [
              119.75879596000004,
              -3.7125012089999245,
              0
            ],
            [
              119.75868626500005,
              -3.7119253039999762,
              0
            ],
            [
              119.75865805400008,
              -3.711777197999936,
              0
            ],
            [
              119.75862108600006,
              -3.7113684689999786,
              0
            ],
            [
              119.75852035300011,
              -3.711042127999974,
              0
            ],
            [
              119.75829761600005,
              -3.7105909439999323,
              0
            ],
            [
              119.75806082400004,
              -3.71021153199996,
              0
            ],
            [
              119.75789554000005,
              -3.709867759999952,
              0
            ],
            [
              119.75765987200009,
              -3.709467123999957,
              0
            ],
            [
              119.75741558400011,
              -3.7089729719999696,
              0
            ],
            [
              119.75731460400004,
              -3.708643342999949,
              0
            ],
            [
              119.75729934600008,
              -3.708327790999931,
              0
            ],
            [
              119.75739812400002,
              -3.707947327999932,
              0
            ],
            [
              119.75761792200001,
              -3.7074517219999734,
              0
            ],
            [
              119.7577880980001,
              -3.7070710359999453,
              0
            ],
            [
              119.7578813880001,
              -3.7067869299999643,
              0
            ],
            [
              119.75799321700003,
              -3.706446367999945,
              0
            ],
            [
              119.75812882900004,
              -3.7062751569999364,
              0
            ],
            [
              119.75868426500006,
              -3.705573916999981,
              0
            ],
            [
              119.75894912600006,
              -3.705027961999974,
              0
            ],
            [
              119.75927024500004,
              -3.70420448699997,
              0
            ],
            [
              119.75941747700006,
              -3.7037672679999787,
              0
            ],
            [
              119.75952493400007,
              -3.70344816599993,
              0
            ],
            [
              119.7596375390001,
              -3.702921814999968,
              0
            ],
            [
              119.75971206700001,
              -3.7023955839999303,
              0
            ],
            [
              119.75979667800004,
              -3.701941647999945,
              0
            ],
            [
              119.75981422400002,
              -3.701847511999972,
              0
            ],
            [
              119.75986189200012,
              -3.701591771999972,
              0
            ],
            [
              119.75991776500007,
              -3.701189925999927,
              0
            ],
            [
              119.75991661000012,
              -3.700816948999943,
              0
            ],
            [
              119.7596568560001,
              -3.6999379089999707,
              0
            ],
            [
              119.75925635300007,
              -3.6993737719999444,
              0
            ],
            [
              119.75888792500007,
              -3.6987532879999776,
              0
            ],
            [
              119.7586583750001,
              -3.6984049329999493,
              0
            ],
            [
              119.75841608300004,
              -3.698055745999966,
              0
            ],
            [
              119.75840657100002,
              -3.697864678999963,
              0
            ],
            [
              119.75835239700007,
              -3.6967764269999748,
              0
            ],
            [
              119.75836936600001,
              -3.6961069209999664,
              0
            ],
            [
              119.75833903400007,
              -3.6955331989999536,
              0
            ],
            [
              119.75842302500007,
              -3.694987810999976,
              0
            ],
            [
              119.75854571500008,
              -3.6946431379999467,
              0
            ],
            [
              119.7588301190001,
              -3.6942597059999684,
              0
            ],
            [
              119.75910435300011,
              -3.6936659069999678,
              0
            ],
            [
              119.7592225190001,
              -3.693512453999972,
              0
            ],
            [
              119.75991105900005,
              -3.69298430799995,
              0
            ],
            [
              119.76163211000005,
              -3.691568307999944,
              0
            ],
            [
              119.7618931940001,
              -3.691340357999934,
              0
            ],
            [
              119.76203513600001,
              -3.6910649619999276,
              0
            ],
            [
              119.76289939000003,
              -3.6896396819999495,
              0
            ],
            [
              119.76337155700003,
              -3.6884068979999256,
              0
            ],
            [
              119.76370381400011,
              -3.6881069999999454,
              0
            ],
            [
              119.76412986000003,
              -3.68735253899996,
              0
            ],
            [
              119.764514297,
              -3.687043641999935,
              0
            ],
            [
              119.76494187300011,
              -3.6867840919999253,
              0
            ],
            [
              119.76497885700007,
              -3.686430123999969,
              0
            ],
            [
              119.76481552000007,
              -3.6859428919999573,
              0
            ],
            [
              119.76435474700008,
              -3.684701064999956,
              0
            ],
            [
              119.7636949890001,
              -3.683681983999975,
              0
            ],
            [
              119.76029784900004,
              -3.68501503899995,
              0
            ],
            [
              119.7580373620001,
              -3.685312471999964,
              0
            ],
            [
              119.75643905700008,
              -3.686600023999972,
              0
            ],
            [
              119.75627901300004,
              -3.6868445859999497,
              0
            ],
            [
              119.75575791000006,
              -3.687793989999932,
              0
            ],
            [
              119.75495127300007,
              -3.6888933009999505,
              0
            ],
            [
              119.75455866200002,
              -3.6891716979999387,
              0
            ],
            [
              119.75363781100009,
              -3.6891716979999387,
              0
            ],
            [
              119.75155340300012,
              -3.6892930499999466,
              0
            ],
            [
              119.75066110500006,
              -3.6892787729999554,
              0
            ],
            [
              119.75046836900003,
              -3.689428679999935,
              0
            ],
            [
              119.75024707900002,
              -3.689392987999952,
              0
            ],
            [
              119.74991157500006,
              -3.6891074519999734,
              0
            ],
            [
              119.74975453000002,
              -3.6887219799999684,
              0
            ],
            [
              119.74954037900011,
              -3.688336506999974,
              0
            ],
            [
              119.74939761100006,
              -3.6884078909999403,
              0
            ],
            [
              119.74899072300002,
              -3.6886862879999285,
              0
            ],
            [
              119.74839823700006,
              -3.6889646849999735,
              0
            ],
            [
              119.74799848800001,
              -3.6885221049999473,
              0
            ],
            [
              119.7477914750001,
              -3.6882936769999333,
              0
            ],
            [
              119.74572848200012,
              -3.6884578599999713,
              0
            ],
            [
              119.74570706700001,
              -3.689335880999977,
              0
            ],
            [
              119.74556429900008,
              -3.690142517999959,
              0
            ],
            [
              119.74529304100008,
              -3.691505948999975,
              0
            ],
            [
              119.74486473800005,
              -3.691363181999975,
              0
            ],
            [
              119.74487187600005,
              -3.6912632439999697,
              0
            ],
            [
              119.74417231500001,
              -3.691027677999955,
              0
            ],
            [
              119.74371545800011,
              -3.6909063249999576,
              0
            ],
            [
              119.74255190200006,
              -3.6906564819999517,
              0
            ],
            [
              119.74105403100009,
              -3.690192485999944,
              0
            ],
            [
              119.74041752500011,
              -3.690037821999965,
              0
            ],
            [
              119.74033424400011,
              -3.690579148999973,
              0
            ],
            [
              119.74006655500011,
              -3.691203757999972,
              0
            ],
            [
              119.73955497100008,
              -3.6925124609999784,
              0
            ],
            [
              119.73947763800004,
              -3.692482717999951,
              0
            ],
            [
              119.73904338700004,
              -3.693511834999981,
              0
            ],
            [
              119.73799047500006,
              -3.693095429999971,
              0
            ],
            [
              119.7377346830001,
              -3.6938152159999618,
              0
            ],
            [
              119.73650926100004,
              -3.693285785999933,
              0
            ],
            [
              119.73592629300003,
              -3.6930835309999566,
              0
            ],
            [
              119.73518866000006,
              -3.692893174999938,
              0
            ],
            [
              119.73483768900007,
              -3.693488039999977,
              0
            ],
            [
              119.73473061300001,
              -3.693743832999928,
              0
            ],
            [
              119.73459379400003,
              -3.693767626999943,
              0
            ],
            [
              119.73461164000003,
              -3.694362491999925,
              0
            ],
            [
              119.73468897300006,
              -3.6956236059999696,
              0
            ],
            [
              119.73410005700009,
              -3.695474889999957,
              0
            ],
            [
              119.73314232300004,
              -3.695522478999976,
              0
            ],
            [
              119.73217864100002,
              -3.6955760169999508,
              0
            ],
            [
              119.73116142200001,
              -3.6955938629999423,
              0
            ],
            [
              119.73073906800005,
              -3.695605759999978,
              0
            ],
            [
              119.73026912400007,
              -3.6957068869999716,
              0
            ],
            [
              119.73014420200002,
              -3.697360612999944,
              0
            ],
            [
              119.73001333200011,
              -3.6977472749999265,
              0
            ],
            [
              119.73039047700001,
              -3.6979495289999704,
              0
            ],
            [
              119.72983725200004,
              -3.698871570999927,
              0
            ],
            [
              119.72924833600007,
              -3.699496179999926,
              0
            ],
            [
              119.72901633800006,
              -3.6996805879999783,
              0
            ],
            [
              119.72892115900004,
              -3.6998947389999444,
              0
            ],
            [
              119.72853449700006,
              -3.7005252959999666,
              0
            ],
            [
              119.7281775780001,
              -3.7011499039999762,
              0
            ],
            [
              119.72805860500011,
              -3.701167750999957,
              0
            ],
            [
              119.72771953200004,
              -3.701429490999942,
              0
            ],
            [
              119.72789204300011,
              -3.701661488999946,
              0
            ],
            [
              119.7279277350001,
              -3.701780461999931,
              0
            ],
            [
              119.72769573700009,
              -3.7022325599999704,
              0
            ],
            [
              119.72754107200001,
              -3.7031724459999396,
              0
            ],
            [
              119.72746374000008,
              -3.7035115199999495,
              0
            ],
            [
              119.72693431000005,
              -3.7041599229999633,
              0
            ],
            [
              119.7267261070001,
              -3.7040112059999615,
              0
            ],
            [
              119.72594683400007,
              -3.704534687999967,
              0
            ],
            [
              119.7256434520001,
              -3.704814274999933,
              0
            ],
            [
              119.72538766000002,
              -3.7050403229999347,
              0
            ],
            [
              119.72516161100009,
              -3.7053556019999405,
              0
            ],
            [
              119.72489392200009,
              -3.705890980999925,
              0
            ],
            [
              119.72478089800006,
              -3.7061110809999604,
              0
            ],
            [
              119.72450726000011,
              -3.7065096409999683,
              0
            ],
            [
              119.72432880000008,
              -3.706741637999926,
              0
            ],
            [
              119.72403136800006,
              -3.7071461469999463,
              0
            ],
            [
              119.72338296400005,
              -3.708080084999949,
              0
            ],
            [
              119.722538256,
              -3.7094185319999724,
              0
            ],
            [
              119.72240143600004,
              -3.7093828399999325,
              0
            ],
            [
              119.72191364700006,
              -3.7101145239999482,
              0
            ],
            [
              119.72143775500001,
              -3.7108343119999745,
              0
            ],
            [
              119.72125929600008,
              -3.7112507169999276,
              0
            ],
            [
              119.72078340300004,
              -3.711905068999954,
              0
            ],
            [
              119.72052166300011,
              -3.7126427019999255,
              0
            ],
            [
              119.72002792400008,
              -3.7124523449999742,
              0
            ],
            [
              119.71946875100002,
              -3.7135290509999663,
              0
            ],
            [
              119.71781859500004,
              -3.7145058199999426,
              0
            ],
            [
              119.71710475700002,
              -3.7146961769999507,
              0
            ],
            [
              119.7164194720001,
              -3.7148579799999766,
              0
            ],
            [
              119.71607682900003,
              -3.7150673719999645,
              0
            ],
            [
              119.71597213300004,
              -3.715562299999931,
              0
            ],
            [
              119.71540106200007,
              -3.71621903099998,
              0
            ],
            [
              119.71515359900002,
              -3.7166663699999276,
              0
            ],
            [
              119.71482999200009,
              -3.7172945469999377,
              0
            ],
            [
              119.714515903,
              -3.717532493999954,
              0
            ],
            [
              119.71425892200011,
              -3.717142262999971,
              0
            ],
            [
              119.71256474400002,
              -3.7183319929999357,
              0
            ],
            [
              119.71036612300009,
              -3.7199214729999426,
              0
            ],
            [
              119.70778678700003,
              -3.7217298629999505,
              0
            ],
            [
              119.70623537900008,
              -3.722767307999959,
              0
            ],
            [
              119.70434132800006,
              -3.7245756989999563,
              0
            ],
            [
              119.70132417100001,
              -3.72750719499993,
              0
            ],
            [
              119.69916362100003,
              -3.729715333999934,
              0
            ],
            [
              119.69972814800008,
              -3.7303292349999424,
              0
            ],
            [
              119.70006365200004,
              -3.7306219089999786,
              0
            ],
            [
              119.70050623200007,
              -3.730878890999975,
              0
            ],
            [
              119.700905981,
              -3.7309502739999516,
              0
            ],
            [
              119.70199101500009,
              -3.73093599799995,
              0
            ],
            [
              119.70417536000002,
              -3.7310073809999267,
              0
            ],
            [
              119.70615983100004,
              -3.731043073999956,
              0
            ],
            [
              119.70698074500001,
              -3.731078765999939,
              0
            ],
            [
              119.70768744500003,
              -3.7310216579999747,
              0
            ],
            [
              119.70843697500004,
              -3.7309502739999516,
              0
            ],
            [
              119.70910084500008,
              -3.730886029999965,
              0
            ],
            [
              119.7093034290001,
              -3.7308893179999245,
              0
            ],
            [
              119.70935505400007,
              -3.7308851679999293,
              0
            ],
            [
              119.70936529700009,
              -3.7308843439999464,
              0
            ],
            [
              119.70964616100002,
              -3.730888256999947,
              0
            ],
            [
              119.71005079000008,
              -3.730891786999962,
              0
            ],
            [
              119.7101263720001,
              -3.7308991439999772,
              0
            ],
            [
              119.71024125500003,
              -3.7309103259999574,
              0
            ],
            [
              119.71039844300003,
              -3.7309433129999547,
              0
            ],
            [
              119.7105890690001,
              -3.7310144529999434,
              0
            ],
            [
              119.71078448600008,
              -3.7310951429999477,
              0
            ],
            [
              119.71097524400011,
              -3.731209319999948,
              0
            ],
            [
              119.71116610500007,
              -3.7313569709999683,
              0
            ],
            [
              119.71138112800008,
              -3.7316106499999364,
              0
            ],
            [
              119.71154457000011,
              -3.7319365139999263,
              0
            ],
            [
              119.71163368400005,
              -3.732096333999948,
              0
            ],
            [
              119.71177749800006,
              -3.7324246499999276,
              0
            ],
            [
              119.71192455300002,
              -3.732839629999944,
              0
            ],
            [
              119.71205668700009,
              -3.7332397119999428,
              0
            ],
            [
              119.71222180400002,
              -3.733723376999933,
              0
            ],
            [
              119.71233878800001,
              -3.7340338439999528,
              0
            ],
            [
              119.71284039600005,
              -3.7350180809999642,
              0
            ],
            [
              119.71329314700006,
              -3.7357553879999728,
              0
            ],
            [
              119.71353822700007,
              -3.7361192549999487,
              0
            ],
            [
              119.71378947800008,
              -3.736554830999978,
              0
            ],
            [
              119.71388823600012,
              -3.736742814999957,
              0
            ],
            [
              119.71395726000003,
              -3.736936868999976,
              0
            ],
            [
              119.71404142800009,
              -3.737217548999979,
              0
            ],
            [
              119.71407766300001,
              -3.737390783999956,
              0
            ],
            [
              119.71409613800006,
              -3.737593960999959,
              0
            ],
            [
              119.71408519400006,
              -3.737904822999951,
              0
            ],
            [
              119.71407704100011,
              -3.7381559029999494,
              0
            ],
            [
              119.71405075200005,
              -3.738314387999935,
              0
            ],
            [
              119.71402265500001,
              -3.7385409659999596,
              0
            ],
            [
              119.71395997500008,
              -3.7403214099999786,
              0
            ],
            [
              119.71394063600007,
              -3.7417704099999582,
              0
            ],
            [
              119.713910553,
              -3.7428225399999633,
              0
            ],
            [
              119.71388258200011,
              -3.7430139059999306,
              0
            ],
            [
              119.71369884800004,
              -3.7436361349999743,
              0
            ],
            [
              119.71330749200001,
              -3.74485197599995,
              0
            ],
            [
              119.7131191310001,
              -3.7455172569999604,
              0
            ],
            [
              119.71312543800002,
              -3.746019346999958,
              0
            ],
            [
              119.71327928400001,
              -3.746511411999961,
              0
            ],
            [
              119.7134707250001,
              -3.7468455559999256,
              0
            ],
            [
              119.71390067300001,
              -3.7473391529999276,
              0
            ],
            [
              119.71498968100002,
              -3.748526475999938,
              0
            ],
            [
              119.71583507700007,
              -3.7494419809999613,
              0
            ],
            [
              119.71599421000008,
              -3.749615788999961,
              0
            ],
            [
              119.71602405500005,
              -3.749648385999933,
              0
            ],
            [
              119.71728232800001,
              -3.7510226919999354,
              0
            ],
            [
              119.71821422900007,
              -3.7520370059999664,
              0
            ],
            [
              119.71869602100003,
              -3.75158543699996,
              0
            ],
            [
              119.720183184,
              -3.7499793009999394,
              0
            ],
            [
              119.72112307200007,
              -3.7489442349999536,
              0
            ],
            [
              119.72127773600005,
              -3.7488847489999557,
              0
            ],
            [
              119.72187260200008,
              -3.74815306499994,
              0
            ],
            [
              119.72231280200003,
              -3.747754504999932,
              0
            ],
            [
              119.72301474300002,
              -3.7469871289999332,
              0
            ],
            [
              119.72365719800007,
              -3.746314929999926,
              0
            ],
            [
              119.72381781100012,
              -3.746410108999953,
              0
            ],
            [
              119.72510272000011,
              -3.745000278999953,
              0
            ],
            [
              119.72585225000012,
              -3.7441436729999396,
              0
            ],
            [
              119.726018812,
              -3.7439057269999694,
              0
            ],
            [
              119.72632219400009,
              -3.743102657999941,
              0
            ],
            [
              119.72693490500001,
              -3.7423590769999464,
              0
            ],
            [
              119.72757735900007,
              -3.742805224999927,
              0
            ],
            [
              119.72814248100008,
              -3.743251374999943,
              0
            ],
            [
              119.72871355200004,
              -3.743655882999974,
              0
            ],
            [
              119.7290883170001,
              -3.7439592639999546,
              0
            ],
            [
              119.7303553800001,
              -3.7424423579999484,
              0
            ],
            [
              119.73081937500001,
              -3.7427873799999247,
              0
            ],
            [
              119.73153321400002,
              -3.7408005299999445,
              0
            ],
            [
              119.7321221300001,
              -3.7389802419999683,
              0
            ],
            [
              119.7323898190001,
              -3.738147430999959,
              0
            ],
            [
              119.73281812200003,
              -3.73851624699995,
              0
            ],
            [
              119.73309770800006,
              -3.7387244499999497,
              0
            ],
            [
              119.73347842300007,
              -3.7389742929999557,
              0
            ],
            [
              119.73382344400011,
              -3.7393252639999446,
              0
            ],
            [
              119.73536414600005,
              -3.7411455519999777,
              0
            ],
            [
              119.73641258200007,
              -3.7380961539999475,
              0
            ],
            [
              119.73749453700009,
              -3.735003014999961,
              0
            ],
            [
              119.73789800600002,
              -3.7339721269999586,
              0
            ],
            [
              119.73970605800002,
              -3.7352406829999723,
              0
            ],
            [
              119.7413267170001,
              -3.736196469999925,
              0
            ],
            [
              119.74136157700002,
              -3.7361123969999426,
              0
            ],
            [
              119.74218249100011,
              -3.7342350019999344,
              0
            ],
            [
              119.742682177,
              -3.733235628999978,
              0
            ],
            [
              119.74356019900006,
              -3.731757982999966,
              0
            ],
            [
              119.74466644500001,
              -3.729809176999936,
              0
            ],
            [
              119.74483796900006,
              -3.7295070129999317,
              0
            ],
            [
              119.74596107500008,
              -3.7274273639999365,
              0
            ],
            [
              119.74710131300003,
              -3.727714326999944,
              0
            ],
            [
              119.74790557000006,
              -3.7279570329999387,
              0
            ],
            [
              119.74863368600006,
              -3.7282235319999586,
              0
            ],
            [
              119.75028503100009,
              -3.728932610999948,
              0
            ],
            [
              119.75273111700005,
              -3.7299367439999287,
              0
            ],
            [
              119.75503681500004,
              -3.730805246999978,
              0
            ],
            [
              119.75651446000006,
              -3.7313789349999524,
              0
            ],
            [
              119.75753168000006,
              -3.7292552659999387,
              0
            ],
            [
              119.75833474800004,
              -3.7276312839999264,
              0
            ],
            [
              119.75904858700005,
              -3.7261798129999306,
              0
            ],
            [
              119.75928653200003,
              -3.7256146909999757,
              0
            ],
            [
              119.75948283800005,
              -3.724924646999966,
              0
            ],
            [
              119.75954827300006,
              -3.7245439339999393,
              0
            ],
            [
              119.75960181100004,
              -3.7236516349999533,
              0
            ],
            [
              119.7597088870001,
              -3.7235148159999767,
              0
            ],
            [
              119.75989924400005,
              -3.7233482539999727,
              0
            ],
            [
              119.76001226800008,
              -3.7232054859999266,
              0
            ],
            [
              119.76013124100007,
              -3.72292589999995,
              0
            ],
            [
              119.76027995700008,
              -3.7226046719999317,
              0
            ],
            [
              119.76028091400008,
              -3.7225855369999294,
              0
            ],
            [
              119.76033349500005,
              -3.7215339149999522,
              0
            ],
            [
              119.7609283600001,
              -3.721456582999963,
              0
            ],
            [
              119.76084508000008,
              -3.7208260259999406,
              0
            ],
            [
              119.76050600600001,
              -3.7208260259999406,
              0
            ],
            [
              119.76076417700006,
              -3.718798723999953,
              0
            ],
            [
              119.76078559300004,
              -3.718341867999925,
              0
            ],
            [
              119.76218879600003,
              -3.71843742599998,
              0
            ],
            [
              119.76277720200005,
              -3.7184774969999808,
              0
            ],
            [
              119.76424184000007,
              -3.7186026409999613,
              0
            ],
            [
              119.76442834400007,
              -3.7186265619999403,
              0
            ]
          ]
        ]
      },
      "properties": {
        "NAMOBJ": "Malimpung",
        "TIPE": "Desa",
        "KODE_KEMENDAGRI": "73.15.05.2006",
        "KECAMATAN": "Patampanua",
        "KABUPATEN": "Pinrang",
        "PROVINSI": "Sulawesi Selatan",
        "LUAS_HA": 24.7496898263385,
        "SUMBER": "Badan Informasi Geospasial (BIG) - TASWIL10000 Edisi 2023",
        "METADATA_REF": "TASWIL1000020230928_DATA_BATAS_DESAKELURAHAN.xml",
        "STATUS_WILAYAH": "Wilayah Kerja Resmi Puskesmas Malimpung"
      }
    },
    {
      "type": "Feature",
      "id": 88188,
      "geometry": {
        "type": "Polygon",
        "coordinates": [
          [
            [
              119.69916362100003,
              -3.729715333999934,
              0
            ],
            [
              119.69825546000004,
              -3.7287834579999526,
              0
            ],
            [
              119.69677543500006,
              -3.7272986739999396,
              0
            ],
            [
              119.69649941700004,
              -3.7269560319999755,
              0
            ],
            [
              119.69626147100007,
              -3.7265753179999592,
              0
            ],
            [
              119.69608063200008,
              -3.726208880999934,
              0
            ],
            [
              119.69599973100003,
              -3.725728229999959,
              0
            ],
            [
              119.69596165900009,
              -3.7251048109999374,
              0
            ],
            [
              119.69589503400005,
              -3.7239912229999277,
              0
            ],
            [
              119.69576178500006,
              -3.7218497089999687,
              0
            ],
            [
              119.6956761240001,
              -3.7204553439999586,
              0
            ],
            [
              119.69559046400002,
              -3.71899435499995,
              0
            ],
            [
              119.69546673100001,
              -3.717428669999947,
              0
            ],
            [
              119.69542866000006,
              -3.7166815189999625,
              0
            ],
            [
              119.69550480200007,
              -3.716139001999977,
              0
            ],
            [
              119.69577606100006,
              -3.7149921019999397,
              0
            ],
            [
              119.69599497200011,
              -3.714111700999979,
              0
            ],
            [
              119.69623767700011,
              -3.7132598539999435,
              0
            ],
            [
              119.69648514100004,
              -3.7126126409999642,
              0
            ],
            [
              119.69696737800007,
              -3.711462567999945,
              0
            ],
            [
              119.69710300700001,
              -3.7111056479999434,
              0
            ],
            [
              119.6971601140001,
              -3.7108558049999374,
              0
            ],
            [
              119.69720294400008,
              -3.710563130999958,
              0
            ],
            [
              119.69720294400008,
              -3.71024904199993,
              0
            ],
            [
              119.69716725300009,
              -3.709613726999976,
              0
            ],
            [
              119.69711014600011,
              -3.7092068389999326,
              0
            ],
            [
              119.69671753400007,
              -3.7059588739999754,
              0
            ],
            [
              119.69667232500001,
              -3.7057451989999777,
              0
            ],
            [
              119.69608697700005,
              -3.7054596629999423,
              0
            ],
            [
              119.69529699700001,
              -3.7050646729999244,
              0
            ],
            [
              119.69506856800001,
              -3.7054406279999625,
              0
            ],
            [
              119.69443563200002,
              -3.704993288999958,
              0
            ],
            [
              119.6936742040001,
              -3.704350834999957,
              0
            ],
            [
              119.69338391000008,
              -3.7040462629999524,
              0
            ],
            [
              119.69296512500011,
              -3.704407941999932,
              0
            ],
            [
              119.69233876900012,
              -3.703767457999959,
              0
            ],
            [
              119.69233218800002,
              -3.7037702459999764,
              0
            ],
            [
              119.69212551200008,
              -3.7041510959999755,
              0
            ],
            [
              119.69203033400004,
              -3.7042843459999517,
              0
            ],
            [
              119.69184949500004,
              -3.7043271759999357,
              0
            ],
            [
              119.69146878200002,
              -3.704374765999944,
              0
            ],
            [
              119.69134980900003,
              -3.704446149999967,
              0
            ],
            [
              119.69121655900005,
              -3.704469943999925,
              0
            ],
            [
              119.69098813000005,
              -3.70447470299996,
              0
            ],
            [
              119.69078825600002,
              -3.704427113999941,
              0
            ],
            [
              119.69039326500001,
              -3.704341452999927,
              0
            ],
            [
              119.69005538100009,
              -3.70427006999995,
              0
            ],
            [
              119.68974605100004,
              -3.70433193599996,
              0
            ],
            [
              119.6894367210001,
              -3.7043842829999676,
              0
            ],
            [
              119.68923208800004,
              -3.704493738999929,
              0
            ],
            [
              119.68903697300004,
              -3.704593675999945,
              0
            ],
            [
              119.68890848100011,
              -3.704626988999962,
              0
            ],
            [
              119.68873716000007,
              -3.7046412659999532,
              0
            ],
            [
              119.68858487400007,
              -3.704726925999978,
              0
            ],
            [
              119.68856108000011,
              -3.7048649349999323,
              0
            ],
            [
              119.68851825000002,
              -3.7050410149999493,
              0
            ],
            [
              119.68845162500008,
              -3.7051361929999302,
              0
            ],
            [
              119.68833265100011,
              -3.7051599879999344,
              0
            ],
            [
              119.68811850000009,
              -3.7051599879999344,
              0
            ],
            [
              119.68780917000004,
              -3.7051647469999693,
              0
            ],
            [
              119.68759026000009,
              -3.7051647469999693,
              0
            ],
            [
              119.68744273400011,
              -3.705183781999949,
              0
            ],
            [
              119.68726189400002,
              -3.705240888999981,
              0
            ],
            [
              119.68721906400003,
              -3.7053931749999265,
              0
            ],
            [
              119.68718575100002,
              -3.7055407019999507,
              0
            ],
            [
              119.6870762960001,
              -3.7056501569999796,
              0
            ],
            [
              119.68679552000003,
              -3.7057976829999575,
              0
            ],
            [
              119.68673841200007,
              -3.705969004999929,
              0
            ],
            [
              119.68667654700005,
              -3.706102254999962,
              0
            ],
            [
              119.686643935,
              -3.706099536999943,
              0
            ],
            [
              119.68656233200011,
              -3.7060927359999596,
              0
            ],
            [
              119.68636721700011,
              -3.7061165309999637,
              0
            ],
            [
              119.68629583300003,
              -3.706216468999969,
              0
            ],
            [
              119.68629107400011,
              -3.7062973709999483,
              0
            ],
            [
              119.68628700900001,
              -3.706559021999965,
              0
            ],
            [
              119.68612044600002,
              -3.7067791219999435,
              0
            ],
            [
              119.68583491100003,
              -3.7070170679999705,
              0
            ],
            [
              119.68559696500006,
              -3.707469165999953,
              0
            ],
            [
              119.68558506800002,
              -3.70767141999994,
              0
            ],
            [
              119.68566240100006,
              -3.707909365999967,
              0
            ],
            [
              119.68596578200004,
              -3.708272233999935,
              0
            ],
            [
              119.68613234400004,
              -3.708593460999964,
              0
            ],
            [
              119.68626321400006,
              -3.7086469989999387,
              0
            ],
            [
              119.6866082360001,
              -3.708795714999951,
              0
            ],
            [
              119.68675100400003,
              -3.7089503809999655,
              0
            ],
            [
              119.68693541200003,
              -3.7092121209999505,
              0
            ],
            [
              119.68711387100007,
              -3.709711807999952,
              0
            ],
            [
              119.68720310100002,
              -3.7098605239999642,
              0
            ],
            [
              119.68733397100004,
              -3.7099319079999304,
              0
            ],
            [
              119.68748268800005,
              -3.7098962159999473,
              0
            ],
            [
              119.68766114800007,
              -3.7099200109999515,
              0
            ],
            [
              119.68780986400009,
              -3.7099973439999303,
              0
            ],
            [
              119.68791694000004,
              -3.7101817509999364,
              0
            ],
            [
              119.68808350200004,
              -3.7106516949999673,
              0
            ],
            [
              119.6881429880001,
              -3.711109740999973,
              0
            ],
            [
              119.68811324500007,
              -3.7113714819999473,
              0
            ],
            [
              119.68801806700003,
              -3.7116451199999574,
              0
            ],
            [
              119.68780986400009,
              -3.712079370999959,
              0
            ],
            [
              119.68764925000005,
              -3.7125255199999287,
              0
            ],
            [
              119.68747674000008,
              -3.712894336999966,
              0
            ],
            [
              119.68748268800005,
              -3.7131203859999573,
              0
            ],
            [
              119.68751243100007,
              -3.7136914559999354,
              0
            ],
            [
              119.68747674000008,
              -3.713899658999935,
              0
            ],
            [
              119.68733397100004,
              -3.714179245999958,
              0
            ],
            [
              119.68729828000005,
              -3.714405294999949,
              0
            ],
            [
              119.68742320100012,
              -3.7149109299999736,
              0
            ],
            [
              119.6876254550001,
              -3.7153094899999246,
              0
            ],
            [
              119.68778012100006,
              -3.7155414879999284,
              0
            ],
            [
              119.6878752990001,
              -3.71580322799997,
              0
            ],
            [
              119.68813109100006,
              -3.716142300999934,
              0
            ],
            [
              119.68835714000011,
              -3.716296965999959,
              0
            ],
            [
              119.68856534300005,
              -3.7164278369999693,
              0
            ],
            [
              119.68883898100012,
              -3.716671731999952,
              0
            ],
            [
              119.6889758000001,
              -3.7169751119999432,
              0
            ],
            [
              119.68907097800002,
              -3.717367723999928,
              0
            ],
            [
              119.68910072100005,
              -3.717730590999963,
              0
            ],
            [
              119.68908287600004,
              -3.718289764999952,
              0
            ],
            [
              119.68906503000005,
              -3.7184741729999473,
              0
            ],
            [
              119.6891245160001,
              -3.718622889999949,
              0
            ],
            [
              119.68929702700007,
              -3.7187954009999658,
              0
            ],
            [
              119.68948143600005,
              -3.7190095519999318,
              0
            ],
            [
              119.68962420300011,
              -3.7192296519999672,
              0
            ],
            [
              119.68967774100008,
              -3.7195627769999646,
              0
            ],
            [
              119.68970748400011,
              -3.7198780559999705,
              0
            ],
            [
              119.68978481700003,
              -3.7200862579999807,
              0
            ],
            [
              119.6898264570001,
              -3.7202647169999636,
              0
            ],
            [
              119.6898264570001,
              -3.7205443039999295,
              0
            ],
            [
              119.6897253300001,
              -3.7208238909999523,
              0
            ],
            [
              119.68962420300011,
              -3.7212521939999306,
              0
            ],
            [
              119.6894754870001,
              -3.7216804969999657,
              0
            ],
            [
              119.6894100510001,
              -3.722013621999963,
              0
            ],
            [
              119.6894100510001,
              -3.7223110549999774,
              0
            ],
            [
              119.68945764000011,
              -3.7227750489999494,
              0
            ],
            [
              119.68942789700009,
              -3.723102224999934,
              0
            ],
            [
              119.68930297600002,
              -3.723423451999963,
              0
            ],
            [
              119.68906503000005,
              -3.7236851929999375,
              0
            ],
            [
              119.6887735460001,
              -3.723940984999956,
              0
            ],
            [
              119.68861863400002,
              -3.724087951999934,
              0
            ],
            [
              119.6885415480001,
              -3.7241610849999347,
              0
            ],
            [
              119.6883928310001,
              -3.724327647999928,
              0
            ],
            [
              119.68826791000004,
              -3.724565593999955,
              0
            ],
            [
              119.6881905780001,
              -3.724720257999934,
              0
            ],
            [
              119.68800617000011,
              -3.72482733399994,
              0
            ],
            [
              119.6877920180001,
              -3.724946306999925,
              0
            ],
            [
              119.6876433010001,
              -3.725059331999944,
              0
            ],
            [
              119.68756002100008,
              -3.725225893999948,
              0
            ],
            [
              119.68744699700005,
              -3.725499531999958,
              0
            ],
            [
              119.68730422800002,
              -3.725737477999928,
              0
            ],
            [
              119.68715551200012,
              -3.725987320999934,
              0
            ],
            [
              119.68709602500007,
              -3.726231216999963,
              0
            ],
            [
              119.68708412800004,
              -3.7265583919999585,
              0
            ],
            [
              119.68708412800004,
              -3.726808235999954,
              0
            ],
            [
              119.68695920700009,
              -3.7270045409999284,
              0
            ],
            [
              119.68681643900004,
              -3.7272067949999723,
              0
            ],
            [
              119.68680454200012,
              -3.7273971519999805,
              0
            ],
            [
              119.68681643900004,
              -3.7277362259999336,
              0
            ],
            [
              119.68681643900004,
              -3.7279087359999608,
              0
            ],
            [
              119.68670936400008,
              -3.7280931439999563,
              0
            ],
            [
              119.68655469800001,
              -3.7282121169999414,
              0
            ],
            [
              119.68645357100002,
              -3.7283310899999265,
              0
            ],
            [
              119.68638218800004,
              -3.7284798069999283,
              0
            ],
            [
              119.68621562500005,
              -3.728622573999928,
              0
            ],
            [
              119.68604311400009,
              -3.728622573999928,
              0
            ],
            [
              119.68581706500004,
              -3.728723701999968,
              0
            ],
            [
              119.68559696500006,
              -3.7288367259999404,
              0
            ],
            [
              119.68547799200007,
              -3.7289675959999613,
              0
            ],
            [
              119.68532927600006,
              -3.729199593999965,
              0
            ],
            [
              119.68522814900007,
              -3.729449436999971,
              0
            ],
            [
              119.68531143000007,
              -3.7298598949999473,
              0
            ],
            [
              119.68544824900005,
              -3.7300680969999576,
              0
            ],
            [
              119.68568024600006,
              -3.7302881979999256,
              0
            ],
            [
              119.68579327100008,
              -3.7305142459999274,
              0
            ],
            [
              119.6858408600001,
              -3.730805729999929,
              0
            ],
            [
              119.6858408600001,
              -3.731293518999962,
              0
            ],
            [
              119.68583491100003,
              -3.7315136189999407,
              0
            ],
            [
              119.68554342800007,
              -3.7317099249999615,
              0
            ],
            [
              119.68544230000009,
              -3.731876487999955,
              0
            ],
            [
              119.68544230000009,
              -3.732167970999967,
              0
            ],
            [
              119.68522220000011,
              -3.7324178149999625,
              0
            ],
            [
              119.68512107300012,
              -3.732626017999962,
              0
            ],
            [
              119.68514486800007,
              -3.7328937069999597,
              0
            ],
            [
              119.68506158600007,
              -3.73316734499997,
              0
            ],
            [
              119.68482958900006,
              -3.7333636509999337,
              0
            ],
            [
              119.68462138600012,
              -3.7335599569999545,
              0
            ],
            [
              119.68458569500001,
              -3.7337562609999395,
              0
            ],
            [
              119.68458569500001,
              -3.7341191299999537,
              0
            ],
            [
              119.68456784900002,
              -3.734797275999938,
              0
            ],
            [
              119.6846570780001,
              -3.735118502999967,
              0
            ],
            [
              119.6846570780001,
              -3.7355289599999537,
              0
            ],
            [
              119.68469277000008,
              -3.7357669059999807,
              0
            ],
            [
              119.68496640800004,
              -3.736028646999955,
              0
            ],
            [
              119.68507943200007,
              -3.736219003999963,
              0
            ],
            [
              119.68509727900005,
              -3.736451001999967,
              0
            ],
            [
              119.68516866200002,
              -3.736843611999973,
              0
            ],
            [
              119.68531737900003,
              -3.7372719159999406,
              0
            ],
            [
              119.68532927600006,
              -3.737539604999938,
              0
            ],
            [
              119.68528763500001,
              -3.737860831999967,
              0
            ],
            [
              119.68526978900002,
              -3.738003598999967,
              0
            ],
            [
              119.6853411730001,
              -3.738140418999933,
              0
            ],
            [
              119.68551963300001,
              -3.738366467999981,
              0
            ],
            [
              119.68548988900011,
              -3.7384794919999536,
              0
            ],
            [
              119.68544824900005,
              -3.73861631099993,
              0
            ],
            [
              119.68548394100003,
              -3.7388066679999383,
              0
            ],
            [
              119.68556127300008,
              -3.7389315889999466,
              0
            ],
            [
              119.68561481100005,
              -3.73909815199994,
              0
            ],
            [
              119.68556127300008,
              -3.7393539439999586,
              0
            ],
            [
              119.68565050300003,
              -3.739532403999931,
              0
            ],
            [
              119.68578732200001,
              -3.739574043999937,
              0
            ],
            [
              119.68599552500007,
              -3.73978819499996,
              0
            ],
            [
              119.6860907040001,
              -3.7400082949999387,
              0
            ],
            [
              119.68613234400004,
              -3.7402759849999256,
              0
            ],
            [
              119.68603716500002,
              -3.740496084999961,
              0
            ],
            [
              119.68598957600011,
              -3.7407518769999797,
              0
            ],
            [
              119.6860728580001,
              -3.741007669999931,
              0
            ],
            [
              119.68620967600009,
              -3.7412218209999537,
              0
            ],
            [
              119.68625131700003,
              -3.7413764859999787,
              0
            ],
            [
              119.68616208800006,
              -3.7416203809999615,
              0
            ],
            [
              119.68613234400004,
              -3.741828582999972,
              0
            ],
            [
              119.68626259100006,
              -3.7420959639999296,
              0
            ],
            [
              119.68629076400009,
              -3.742059251999933,
              0
            ],
            [
              119.68638373300007,
              -3.7419381049999743,
              0
            ],
            [
              119.68643608100001,
              -3.7419331619999525,
              0
            ],
            [
              119.68655820300012,
              -3.7419658819999313,
              0
            ],
            [
              119.6869125070001,
              -3.742060811999977,
              0
            ],
            [
              119.68694566900001,
              -3.7420081079999363,
              0
            ],
            [
              119.68707916100004,
              -3.742074645999935,
              0
            ],
            [
              119.68709438200005,
              -3.74204627499995,
              0
            ],
            [
              119.68716909700004,
              -3.7419069959999547,
              0
            ],
            [
              119.68720243400003,
              -3.741911674999926,
              0
            ],
            [
              119.68744075600011,
              -3.742011365999929,
              0
            ],
            [
              119.68756979800003,
              -3.7418209249999563,
              0
            ],
            [
              119.68761610100012,
              -3.7417525939999337,
              0
            ],
            [
              119.6877442330001,
              -3.741820387999951,
              0
            ],
            [
              119.68780904000005,
              -3.7418546769999352,
              0
            ],
            [
              119.68800231900002,
              -3.7419569409999553,
              0
            ],
            [
              119.68808336900008,
              -3.7419998239999472,
              0
            ],
            [
              119.6882915440001,
              -3.742212289999941,
              0
            ],
            [
              119.68829825400007,
              -3.742219137999939,
              0
            ],
            [
              119.68840213900012,
              -3.742301075999933,
              0
            ],
            [
              119.68868477300009,
              -3.7425240009999357,
              0
            ],
            [
              119.68897868900001,
              -3.74256638199995,
              0
            ],
            [
              119.6890419560001,
              -3.7425755039999444,
              0
            ],
            [
              119.68910362200006,
              -3.742503582999973,
              0
            ],
            [
              119.68949354500012,
              -3.7425790619999475,
              0
            ],
            [
              119.68956564900009,
              -3.7425930199999584,
              0
            ],
            [
              119.6897175260001,
              -3.742444306999971,
              0
            ],
            [
              119.69055738500003,
              -3.7415522539999415,
              0
            ],
            [
              119.69088004700006,
              -3.741211731999954,
              0
            ],
            [
              119.69103214300003,
              -3.7411347509999473,
              0
            ],
            [
              119.6913222290001,
              -3.741038215999936,
              0
            ],
            [
              119.69139835100009,
              -3.7410236349999764,
              0
            ],
            [
              119.69146013200009,
              -3.74098996999993,
              0
            ],
            [
              119.69183999200004,
              -3.7406731829999558,
              0
            ],
            [
              119.69224349600006,
              -3.7403049169999463,
              0
            ],
            [
              119.69226972600006,
              -3.740318590999948,
              0
            ],
            [
              119.69246006800006,
              -3.740417824999952,
              0
            ],
            [
              119.6925413250001,
              -3.7404601889999753,
              0
            ],
            [
              119.69258420900007,
              -3.7404825449999635,
              0
            ],
            [
              119.69260994000001,
              -3.7404959599999756,
              0
            ],
            [
              119.69279061400005,
              -3.7405901539999604,
              0
            ],
            [
              119.69290162400011,
              -3.7406412079999427,
              0
            ],
            [
              119.69301255300002,
              -3.7406922259999646,
              0
            ],
            [
              119.69320892200005,
              -3.740782537999962,
              0
            ],
            [
              119.69328336900003,
              -3.7406101539999668,
              0
            ],
            [
              119.69334035000008,
              -3.7405633529999704,
              0
            ],
            [
              119.69373646200006,
              -3.7407285699999306,
              0
            ],
            [
              119.6941363630001,
              -3.740895365999961,
              0
            ],
            [
              119.69417685400003,
              -3.740912254999955,
              0
            ],
            [
              119.69418463000011,
              -3.740895258999956,
              0
            ],
            [
              119.69431081400012,
              -3.740619509999931,
              0
            ],
            [
              119.69431162300009,
              -3.740617742999973,
              0
            ],
            [
              119.69439677000003,
              -3.7404417399999375,
              0
            ],
            [
              119.69447500900003,
              -3.740341075999936,
              0
            ],
            [
              119.69450916900007,
              -3.7402632199999744,
              0
            ],
            [
              119.69456010200008,
              -3.7401471399999764,
              0
            ],
            [
              119.69465226900002,
              -3.7399316619999468,
              0
            ],
            [
              119.69466294400002,
              -3.739909309999973,
              0
            ],
            [
              119.69472884000004,
              -3.7397713229999567,
              0
            ],
            [
              119.69480836000002,
              -3.739604804999942,
              0
            ],
            [
              119.69468677700002,
              -3.7395406229999253,
              0
            ],
            [
              119.69485716700001,
              -3.7392168529999594,
              0
            ],
            [
              119.69486070700009,
              -3.7392101249999428,
              0
            ],
            [
              119.69497382800012,
              -3.7389932929999645,
              0
            ],
            [
              119.6950949720001,
              -3.738761083999975,
              0
            ],
            [
              119.69551208400003,
              -3.738944495999931,
              0
            ],
            [
              119.69560316400009,
              -3.738984544999937,
              0
            ],
            [
              119.69561335200001,
              -3.7389890249999667,
              0
            ],
            [
              119.69565619900004,
              -3.7388716569999474,
              0
            ],
            [
              119.69580916000007,
              -3.7384526709999477,
              0
            ],
            [
              119.69589180000003,
              -3.7382263079999802,
              0
            ],
            [
              119.69595678900009,
              -3.7380482909999273,
              0
            ],
            [
              119.69634615900009,
              -3.7381188209999436,
              0
            ],
            [
              119.69637279200003,
              -3.7380298069999753,
              0
            ],
            [
              119.69638267800008,
              -3.7379967659999807,
              0
            ],
            [
              119.69656967300011,
              -3.7380390969999553,
              0
            ],
            [
              119.69659108600001,
              -3.738043943999969,
              0
            ],
            [
              119.69687115300007,
              -3.738174585999957,
              0
            ],
            [
              119.69732114700003,
              -3.737443935999977,
              0
            ],
            [
              119.6987208590001,
              -3.737893910999958,
              0
            ],
            [
              119.698862254,
              -3.737992689999942,
              0
            ],
            [
              119.6990190140001,
              -3.738102203999972,
              0
            ],
            [
              119.69904378300009,
              -3.738113225999939,
              0
            ],
            [
              119.69920030900005,
              -3.7381828819999328,
              0
            ],
            [
              119.6994542430001,
              -3.7382958839999674,
              0
            ],
            [
              119.69990059600002,
              -3.7384945149999567,
              0
            ],
            [
              119.69991278500004,
              -3.73849993999994,
              0
            ],
            [
              119.69992560000003,
              -3.7384801469999616,
              0
            ],
            [
              119.69992693500001,
              -3.7384780859999296,
              0
            ],
            [
              119.69997793100003,
              -3.7383993159999704,
              0
            ],
            [
              119.70008223200011,
              -3.7382603139999446,
              0
            ],
            [
              119.70015800100009,
              -3.7381309649999253,
              0
            ],
            [
              119.70019109000009,
              -3.7380543509999598,
              0
            ],
            [
              119.70021443300004,
              -3.7379673089999415,
              0
            ],
            [
              119.700231486,
              -3.737903724999967,
              0
            ],
            [
              119.70023344900005,
              -3.7378964129999304,
              0
            ],
            [
              119.70029950700007,
              -3.7377049269999247,
              0
            ],
            [
              119.70032787700006,
              -3.7376426729999253,
              0
            ],
            [
              119.70035848300006,
              -3.7376558689999797,
              0
            ],
            [
              119.70037385,
              -3.7376624939999488,
              0
            ],
            [
              119.70038413700001,
              -3.737666929999932,
              0
            ],
            [
              119.70051222300003,
              -3.7377221539999255,
              0
            ],
            [
              119.7006472380001,
              -3.7377803659999245,
              0
            ],
            [
              119.7006870350001,
              -3.7378034379999576,
              0
            ],
            [
              119.7007826790001,
              -3.73785888499998,
              0
            ],
            [
              119.70088021400011,
              -3.737915427999951,
              0
            ],
            [
              119.70093158600002,
              -3.737945209999964,
              0
            ],
            [
              119.70097973800011,
              -3.7379731249999395,
              0
            ],
            [
              119.70111262900002,
              -3.7380501649999474,
              0
            ],
            [
              119.70120223300012,
              -3.7381021109999324,
              0
            ],
            [
              119.70120518100009,
              -3.7381038199999352,
              0
            ],
            [
              119.70117001300002,
              -3.738160020999942,
              0
            ],
            [
              119.70096832500008,
              -3.738482332999979,
              0
            ],
            [
              119.70096406800008,
              -3.7384952979999753,
              0
            ],
            [
              119.7009537780001,
              -3.738526631999946,
              0
            ],
            [
              119.700907013,
              -3.7386690209999642,
              0
            ],
            [
              119.70105858800002,
              -3.7387177669999687,
              0
            ],
            [
              119.70106902300006,
              -3.738721122999948,
              0
            ],
            [
              119.70114981800009,
              -3.7387816069999644,
              0
            ],
            [
              119.70118353200007,
              -3.7388068459999317,
              0
            ],
            [
              119.70120545800012,
              -3.738850561999925,
              0
            ],
            [
              119.70120748000011,
              -3.7388545919999387,
              0
            ],
            [
              119.70119330800003,
              -3.738877226999932,
              0
            ],
            [
              119.70093746400005,
              -3.7392858099999557,
              0
            ],
            [
              119.70090970000001,
              -3.739324971999963,
              0
            ],
            [
              119.7006004640001,
              -3.7397611749999555,
              0
            ],
            [
              119.70055353900011,
              -3.739827365999929,
              0
            ],
            [
              119.7005649680001,
              -3.7398291669999253,
              0
            ],
            [
              119.7006165900001,
              -3.7398372999999765,
              0
            ],
            [
              119.70071329900009,
              -3.7398525379999796,
              0
            ],
            [
              119.70094299200002,
              -3.739888728999972,
              0
            ],
            [
              119.70101897400002,
              -3.7399007009999536,
              0
            ],
            [
              119.70110143200009,
              -3.7399136929999486,
              0
            ],
            [
              119.70114886300007,
              -3.739921165999931,
              0
            ],
            [
              119.70144423400006,
              -3.7399967669999796,
              0
            ],
            [
              119.70187741900008,
              -3.740117168999973,
              0
            ],
            [
              119.70203300700007,
              -3.740160413999945,
              0
            ],
            [
              119.7020397770001,
              -3.740162294999948,
              0
            ],
            [
              119.70246744700012,
              -3.73938237699997,
              0
            ],
            [
              119.7024705550001,
              -3.739376709999931,
              0
            ],
            [
              119.70247123200011,
              -3.7393751409999254,
              0
            ],
            [
              119.70277778700006,
              -3.7386632379999583,
              0
            ],
            [
              119.70277909800006,
              -3.738654905999965,
              0
            ],
            [
              119.70280113500007,
              -3.7385149229999683,
              0
            ],
            [
              119.70278111100004,
              -3.7381945889999315,
              0
            ],
            [
              119.70278480400009,
              -3.738180505999935,
              0
            ],
            [
              119.70279993200006,
              -3.738122801999964,
              0
            ],
            [
              119.70281740500002,
              -3.7381276989999606,
              0
            ],
            [
              119.70284967500004,
              -3.7381367459999524,
              0
            ],
            [
              119.7039997060001,
              -3.7384591519999617,
              0
            ],
            [
              119.70423400700008,
              -3.738524836999943,
              0
            ],
            [
              119.70424186600007,
              -3.7385017769999536,
              0
            ],
            [
              119.7043030320001,
              -3.738322266999944,
              0
            ],
            [
              119.70441066800004,
              -3.738006379999945,
              0
            ],
            [
              119.70454066600007,
              -3.7376248689999443,
              0
            ],
            [
              119.70455125700005,
              -3.737573801999929,
              0
            ],
            [
              119.70459226700007,
              -3.737376043999973,
              0
            ],
            [
              119.70463487100005,
              -3.737270058999968,
              0
            ],
            [
              119.70464423300007,
              -3.7372467689999667,
              0
            ],
            [
              119.70469164400004,
              -3.737184455999966,
              0
            ],
            [
              119.70473283800004,
              -3.7371601469999405,
              0
            ],
            [
              119.70474866400002,
              -3.7371508059999314,
              0
            ],
            [
              119.70478263300004,
              -3.7371141809999244,
              0
            ],
            [
              119.70481983400009,
              -3.737074072999974,
              0
            ],
            [
              119.70487105000007,
              -3.7369554779999703,
              0
            ],
            [
              119.70487293400004,
              -3.7369511139999645,
              0
            ],
            [
              119.70488600800002,
              -3.7369208439999397,
              0
            ],
            [
              119.70491666500004,
              -3.736808635999978,
              0
            ],
            [
              119.70495236300007,
              -3.7366779719999386,
              0
            ],
            [
              119.70502071800001,
              -3.7364277869999682,
              0
            ],
            [
              119.7052390660001,
              -3.735628606999967,
              0
            ],
            [
              119.70536114600009,
              -3.735307164999938,
              0
            ],
            [
              119.70537651000006,
              -3.7352667139999767,
              0
            ],
            [
              119.70555545000002,
              -3.7347955579999734,
              0
            ],
            [
              119.70578947700005,
              -3.7341295039999522,
              0
            ],
            [
              119.70589522400007,
              -3.7338285399999336,
              0
            ],
            [
              119.70606912500011,
              -3.7331011369999487,
              0
            ],
            [
              119.70628539900008,
              -3.7322205779999535,
              0
            ],
            [
              119.70645128000001,
              -3.732189278999954,
              0
            ],
            [
              119.70684155600009,
              -3.732168943999966,
              0
            ],
            [
              119.70777437600009,
              -3.732108675999939,
              0
            ],
            [
              119.7082884460001,
              -3.732097521999947,
              0
            ],
            [
              119.7086691720001,
              -3.732067651999955,
              0
            ],
            [
              119.70891486200003,
              -3.732049866999944,
              0
            ],
            [
              119.70915398700004,
              -3.731388618999972,
              0
            ],
            [
              119.70928002700009,
              -3.731040084999961,
              0
            ],
            [
              119.70928366500004,
              -3.7310166399999503,
              0
            ],
            [
              119.7093034290001,
              -3.7308893179999245,
              0
            ],
            [
              119.70910084500008,
              -3.730886029999965,
              0
            ],
            [
              119.70843697500004,
              -3.7309502739999516,
              0
            ],
            [
              119.70768744500003,
              -3.7310216579999747,
              0
            ],
            [
              119.70698074500001,
              -3.731078765999939,
              0
            ],
            [
              119.70615983100004,
              -3.731043073999956,
              0
            ],
            [
              119.70417536000002,
              -3.7310073809999267,
              0
            ],
            [
              119.70199101500009,
              -3.73093599799995,
              0
            ],
            [
              119.700905981,
              -3.7309502739999516,
              0
            ],
            [
              119.70050623200007,
              -3.730878890999975,
              0
            ],
            [
              119.70006365200004,
              -3.7306219089999786,
              0
            ],
            [
              119.69972814800008,
              -3.7303292349999424,
              0
            ],
            [
              119.69916362100003,
              -3.729715333999934,
              0
            ]
          ]
        ]
      },
      "properties": {
        "NAMOBJ": "Maccirinna",
        "TIPE": "Kelurahan",
        "KODE_KEMENDAGRI": "73.15.05.1004",
        "KECAMATAN": "Patampanua",
        "KABUPATEN": "Pinrang",
        "PROVINSI": "Sulawesi Selatan",
        "LUAS_HA": 5.101022246251567,
        "SUMBER": "Badan Informasi Geospasial (BIG) - TASWIL10000 Edisi 2023",
        "METADATA_REF": "TASWIL1000020230928_DATA_BATAS_DESAKELURAHAN.xml",
        "STATUS_WILAYAH": "Wilayah Kerja Resmi Puskesmas Malimpung"
      }
    }
  ]
}